<?xml version="1.0" encoding="UTF-8"?>
<project-private xmlns="http://www.netbeans.org/ns/project-private/1">
    <editor-bookmarks xmlns="http://www.netbeans.org/ns/editor-bookmarks/2" lastBookmarkId="0"/>
    <open-files xmlns="http://www.netbeans.org/ns/projectui-open-files/2">
        <group>
            <file>file:/home/lukemcnemee/Luzanky/Java/java/13/SvgGraphics/src/svggraphics/RecursiveRectangle.java</file>
            <file>file:/home/lukemcnemee/Luzanky/Java/java/13/SvgGraphics/src/svggraphics/Canvas.java</file>
            <file>file:/home/lukemcnemee/Luzanky/Java/java/13/SvgGraphics/src/svggraphics/GraphicsObject.java</file>
            <file>file:/home/lukemcnemee/Luzanky/Java/java/13/SvgGraphics/src/svggraphics/SvgGraphics.java</file>
        </group>
    </open-files>
</project-private>
